epoch,English,Chinese,Multilingual
1.0,0.8825,0.977,0.9871428571428571
2.0,0.6825,0.947,0.2842857142857143
3.0,0.7825,0.941,0.7085714285714285
4.0,0.905,0.917,0.0
5.0,0.895,0.97,1.0
6.0,0.8025,0.935,0.002142857142857143
7.0,0.8475,0.946,0.2835714285714286
8.0,0.89,0.955,0.2835714285714286
9.0,0.8125,0.959,0.9971428571428571
10.0,0.835,0.963,0.9935714285714285
